-- Author : Cyprien Jaquier
-- Date 17.05.2021
-- project : Yunikon

-- Script to fill the DB

-- Events
insert into Events (id, name, startingDate, endingDate, location, description) values (1, 'Carter, Yundt and Jaskolski', '2022-08-11', '2023-02-01', 'Salinas', 'Poisn by oth nonsteroid anti-inflam drugs, self-harm, init');
insert into Events (id, name, startingDate, endingDate, location, description) values (2, 'Raynor-Schimmel', '2021-05-30', '2023-05-14', 'Trambalan', 'Wedge comprsn fx first lum vert, subs for fx w delay heal');
insert into Events (id, name, startingDate, endingDate, location, description) values (3, 'Goyette Inc', '2021-06-19', '2023-04-07', 'Saint-Leu-la-Forêt', 'Other calcerous corneal degeneration');
insert into Events (id, name, startingDate, endingDate, location, description) values (4, 'Daugherty-Bergnaum', '2021-06-06', '2022-09-07', 'Birigui', 'Congenital malformations of nose');
insert into Events (id, name, startingDate, endingDate, location, description) values (5, 'Jones, Williamson and Morissette', '2022-07-30', '2023-02-05', 'Peixing', 'Car driver injured in collision w ped/anml nontraf, init');
insert into Events (id, name, startingDate, endingDate, location, description) values (6, 'Batz-Schultz', '2022-05-05', '2023-03-13', 'Uarini', 'Displaced unsp fx left lesser toe(s), subs for fx w malunion');
insert into Events (id, name, startingDate, endingDate, location, description) values (7, 'Klocko Group', '2021-07-16', '2022-10-30', 'Veiga', 'Pyemic and septic embolism in pregnancy, third trimester');
insert into Events (id, name, startingDate, endingDate, location, description) values (8, 'Rowe-Oberbrunner', '2021-06-21', '2023-03-15', 'Muting', 'Nondisp spiral fx shaft of ulna, l arm, 7thM');
insert into Events (id, name, startingDate, endingDate, location, description) values (9, 'Romaguera-Powlowski', '2021-11-10', '2023-07-06', 'Jaguariaíva', 'Unsp fracture of second thoracic vertebra, init for clos fx');
insert into Events (id, name, startingDate, endingDate, location, description) values (10, 'McLaughlin, Gerlach and Ryan', '2021-11-24', '2023-06-04', 'Kolor', 'Pasngr in 3-whl mv inj in clsn w 2/3-whl mv nontraf, sequela');
insert into Events (id, name, startingDate, endingDate, location, description) values (11, 'Larson-Smith', '2022-05-25', '2023-03-08', 'Witzenhausen', 'Malignant neoplasm of nasal cavity');
insert into Events (id, name, startingDate, endingDate, location, description) values (12, 'Brown and Sons', '2021-11-03', '2023-02-18', 'Mloko', 'Actinic reticuloid');
insert into Events (id, name, startingDate, endingDate, location, description) values (13, 'Homenick-Runte', '2021-08-21', '2023-06-07', 'Tatebayashi', 'Unsp fx lower end of l femur, subs for clos fx w delay heal');
insert into Events (id, name, startingDate, endingDate, location, description) values (14, 'Osinski, Rau and Crooks', '2021-09-13', '2023-07-13', 'Ashley', 'Posterior synechiae (iris), bilateral');
insert into Events (id, name, startingDate, endingDate, location, description) values (15, 'Little Inc', '2022-02-12', '2023-06-28', 'Yelizovo', 'Passenger on bus injured in collision w unsp mv in traf');

-- Users
insert into Users (id, eMail, password, phoneNumber, name, lastName) values (1, 'jelington0@tmall.com', 'qQMulQA3R5G', '588 693 6998', 'Jenn', 'Elington');
insert into Users (id, eMail, password, phoneNumber, name, lastName) values (2, 'hsorton1@theatlantic.com', 'yyyY6a5', '684 588 1453', 'Hedwiga', 'Sorton');
insert into Users (id, eMail, password, phoneNumber, name, lastName) values (3, 'ekimblin2@google.com.hk', '5bdmSkDy', '999 555 9504', 'Emeline', 'Kimblin');
insert into Users (id, eMail, password, phoneNumber, name, lastName) values (4, 'dlucken3@yandex.ru', 'o2tN7BYm3', '368 648 1677', 'Donni', 'Lucken');
insert into Users (id, eMail, password, phoneNumber, name, lastName) values (5, 'umccuis4@livejournal.com', 'rSe8nLBzK', '459 488 1923', 'Udale', 'McCuis');
insert into Users (id, eMail, password, phoneNumber, name, lastName) values (6, 'anuss5@ovh.net', 'jiKz9g8HrNXh', '863 948 8506', 'Anselma', 'Nuss');
insert into Users (id, eMail, password, phoneNumber, name, lastName) values (7, 'jrouff6@fema.gov', 'LnWNLweFng', '174 699 8562', 'Jorrie', 'Rouff');
insert into Users (id, eMail, password, phoneNumber, name, lastName) values (8, 'tturban7@archive.org', 'TUummzdiu6jS', '349 424 6675', 'Tansy', 'Turban');
insert into Users (id, eMail, password, phoneNumber, name, lastName) values (9, 'swallworke8@skyrock.com', '6ljM53B', '398 533 4325', 'Sam', 'Wallworke');
insert into Users (id, eMail, password, phoneNumber, name, lastName) values (10, 'sabilowitz9@arizona.edu', 'lqhk8jUME', '209 520 4814', 'Shaina', 'Abilowitz');
insert into Users (id, eMail, password, phoneNumber, name, lastName) values (11, 'mbuggea@netlog.com', 'xJLflsUj', '631 222 7020', 'Maisie', 'Bugge');
insert into Users (id, eMail, password, phoneNumber, name, lastName) values (12, 'sabbotsb@printfriendly.com', 'Dfl1lSq', '850 619 4332', 'Scotty', 'Abbots');
insert into Users (id, eMail, password, phoneNumber, name, lastName) values (13, 'mfairholmec@php.net', 'ZeREAkJ', '901 323 5300', 'Meridel', 'Fairholme');
insert into Users (id, eMail, password, phoneNumber, name, lastName) values (14, 'wcasswelld@simplemachines.org', '2q8qzW1pd', '319 886 3161', 'Wendell', 'Casswell');
insert into Users (id, eMail, password, phoneNumber, name, lastName) values (15, 'zeastame@weather.com', 'RxlxZM3', '647 775 1815', 'Zed', 'Eastam');

-- Stands
insert into Stands (id, U_Number, size, description) values (1, 1, 19, 'Trabecul carneae cord op');
insert into Stands (id, U_Number, size, description) values (2, 2, 17, 'Tube & uterus x-ray NEC');
insert into Stands (id, U_Number, size, description) values (3, 3, 10, 'Fat graft to breast');
insert into Stands (id, U_Number, size, description) values (4, 4, 19, 'Nasophary contrast x-ray');
insert into Stands (id, U_Number, size, description) values (5, 5, 19, 'Fit arm prosthesis NOS');
insert into Stands (id, U_Number, size, description) values (6, 6, 27, 'Trabecul carneae cord op');
insert into Stands (id, U_Number, size, description) values (7, 7, 28, 'Endosc retro cholangio');
insert into Stands (id, U_Number, size, description) values (8, 8, 19, 'Hemorrhoid cauterizat');
insert into Stands (id, U_Number, size, description) values (9, 9, 15, 'Other thyroid operations');
insert into Stands (id, U_Number, size, description) values (10, 10, 11, 'Loc exc bony palate les');
insert into Stands (id, U_Number, size, description) values (11, 11, 25, 'Manual rupt joint adhes');
insert into Stands (id, U_Number, size, description) values (12, 12, 14, 'Allo hem stem ct w/o pur');
insert into Stands (id, U_Number, size, description) values (13, 13, 30, 'Ins noninfl penis prosth');
insert into Stands (id, U_Number, size, description) values (14, 14, 24, 'Insert sengstaken tube');
insert into Stands (id, U_Number, size, description) values (15, 15, 13, 'Knee structure division');
insert into Stands (id, U_Number, size, description) values (16, 16, 20, 'Ptosis rep-levat mus adv');
insert into Stands (id, U_Number, size, description) values (17, 17, 12, 'Exc lacrimal gland NOS');
insert into Stands (id, U_Number, size, description) values (18, 18, 20, 'Lap ing hern-graft NOS');
insert into Stands (id, U_Number, size, description) values (19, 19, 24, 'Oth tib/fib repair/plast');
insert into Stands (id, U_Number, size, description) values (20, 20, 28, 'Rev interspine device');
insert into Stands (id, U_Number, size, description) values (21, 21, 11, 'Femoral biopsy');
insert into Stands (id, U_Number, size, description) values (22, 22, 22, 'Perc robotic assist proc');
insert into Stands (id, U_Number, size, description) values (23, 23, 18, 'Adrenal lesion excision');
insert into Stands (id, U_Number, size, description) values (24, 24, 20, 'Imp cardiomyostimul sys');
insert into Stands (id, U_Number, size, description) values (25, 25, 25, 'Other isotope function');
insert into Stands (id, U_Number, size, description) values (26, 26, 26, 'Rep anuls fibros NEC/NOS');
insert into Stands (id, U_Number, size, description) values (27, 27, 29, 'Pancreatic tube irrigat');
insert into Stands (id, U_Number, size, description) values (28, 28, 16, 'Control bladd hemorrhage');
insert into Stands (id, U_Number, size, description) values (29, 29, 16, 'Multiple sinus incision');
insert into Stands (id, U_Number, size, description) values (30, 30, 10, 'Ovarian cyst marsupializ');

-- Exhibitors
insert into Exhibitors (id, eMail, name, company, description) values (1, 'gibbeson0@tinyurl.com', 'Geneva', 'Cogidoo', 'Removal spine stim lead');
insert into Exhibitors (id, eMail, name, company, description) values (2, 'ajacquot1@chicagotribune.com', 'Anson', 'Centimia', 'Remove corneal implant');
insert into Exhibitors (id, eMail, name, company, description) values (3, 'pertelt2@usda.gov', 'Patsy', 'Ozu', 'Type 2 tympanoplasty');
insert into Exhibitors (id, eMail, name, company, description) values (4, 'lmuzzullo3@zdnet.com', 'Lincoln', 'Dynabox', 'Lap hern ant abd-gft NEC');
insert into Exhibitors (id, eMail, name, company, description) values (5, 'jbenedick4@timesonline.co.uk', 'Jeremy', 'Roomm', 'Thumb reconstruction NEC');
insert into Exhibitors (id, eMail, name, company, description) values (6, 'hisabell5@devhub.com', 'Harriet', 'Chatterbridge', 'Thyroid reimplantation');
insert into Exhibitors (id, eMail, name, company, description) values (7, 'jvater6@scribd.com', 'Josepha', 'Topicblab', 'Tarsal tunnel release');
insert into Exhibitors (id, eMail, name, company, description) values (8, 'kmcilwain7@businesswire.com', 'Kerk', 'LiveZ', 'Urethral reanastomosis');
insert into Exhibitors (id, eMail, name, company, description) values (9, 'ncarlens8@hc360.com', 'Nessi', 'Bluezoom', 'Substern thyroidect NOS');
insert into Exhibitors (id, eMail, name, company, description) values (10, 'ebonavia9@a8.net', 'Esmeralda', 'Skalith', 'Skull transilluminat');
insert into Exhibitors (id, eMail, name, company, description) values (11, 'crowberrya@europa.eu', 'Camile', 'Oyoba', 'Parasitology-blood');
insert into Exhibitors (id, eMail, name, company, description) values (12, 'obilbrookb@blogs.com', 'Oren', 'Yozio', 'Interphalangeal fusion');
insert into Exhibitors (id, eMail, name, company, description) values (13, 'fheustacec@kickstarter.com', 'Forrester', 'Tazzy', 'Mouth incision NOS');
insert into Exhibitors (id, eMail, name, company, description) values (14, 'sbanfilld@dot.gov', 'Shelley', 'Quinu', 'Control anal hemorrhage');
insert into Exhibitors (id, eMail, name, company, description) values (15, 'bsprigine@cnet.com', 'Bebe', 'Tagopia', 'Pedicle attach to mouth');

-- Tickets
insert into Tickets (id, U_Number, startingDate, endingDate, price, description, Event_id, User_id) values (1, 1, '2021-03-25', '2020-07-27', 28, 'Phlycten keratoconjunct', 1, 1);
insert into Tickets (id, U_Number, startingDate, endingDate, price, description, Event_id, User_id) values (2, 2, '2020-08-13', '2020-12-19', 12, 'Central scotoma', 2, 2);
insert into Tickets (id, U_Number, startingDate, endingDate, price, description, Event_id, User_id) values (3, 3, '2020-09-12', '2021-08-10', 7, 'Fam hx-psychiatric cond', 3, 3);
insert into Tickets (id, U_Number, startingDate, endingDate, price, description, Event_id, User_id) values (4, 4, '2020-12-07', '2020-11-14', 8, 'Psychogenic pain NEC', 4, 4);
insert into Tickets (id, U_Number, startingDate, endingDate, price, description, Event_id, User_id) values (5, 5, '2020-11-04', '2020-12-21', 15, 'Ca in situ GI NEC/NOS', 5, 5);
insert into Tickets (id, U_Number, startingDate, endingDate, price, description, Event_id, User_id) values (6, 6, '2021-01-14', '2021-09-01', 30, 'Opn wnd larynx w trachea', 6, 6);
insert into Tickets (id, U_Number, startingDate, endingDate, price, description, Event_id, User_id) values (7, 7, '2021-04-19', '2021-05-01', 27, 'Pelvic organ inj NOS-cl', 7, 7);
insert into Tickets (id, U_Number, startingDate, endingDate, price, description, Event_id, User_id) values (8, 8, '2021-04-02', '2020-06-13', 15, 'Accid in resident instit', 8, 8);
insert into Tickets (id, U_Number, startingDate, endingDate, price, description, Event_id, User_id) values (9, 9, '2020-07-20', '2021-09-15', 13, 'Early complic trauma NEC', 9, 9);
insert into Tickets (id, U_Number, startingDate, endingDate, price, description, Event_id, User_id) values (10, 10, '2021-01-25', '2022-04-25', 27, 'Drug induce headache NEC', 10, 10);
insert into Tickets (id, U_Number, startingDate, endingDate, price, description, Event_id, User_id) values (11, 11, '2020-07-01', '2020-07-09', 6, 'Opn wound auditory canal', 11, 11);
insert into Tickets (id, U_Number, startingDate, endingDate, price, description, Event_id, User_id) values (12, 12, '2020-11-04', '2021-10-12', 8, 'Adv eff cardiovasc NEC', 12, 12);
insert into Tickets (id, U_Number, startingDate, endingDate, price, description, Event_id, User_id) values (13, 13, '2020-11-26', '2020-08-25', 25, 'Anoxic brain damage', 13, 13);
insert into Tickets (id, U_Number, startingDate, endingDate, price, description, Event_id, User_id) values (14, 14, '2020-06-20', '2022-01-11', 10, 'Ob surg compl NEC-unspec', 14, 14);
insert into Tickets (id, U_Number, startingDate, endingDate, price, description, Event_id, User_id) values (15, 15, '2020-11-19', '2020-10-06', 8, 'Abdmnal pain rt lwr quad', 15, 15);

-- Exhibitors_reserve_Stands
insert into Exhibitors_reserve_Stands (id, U_Number, startingDate, endingDate, Exhibitor_id, Stand_id) values (1, 1, '2021-04-28', '2022-05-09', 1, 1);
insert into Exhibitors_reserve_Stands (id, U_Number, startingDate, endingDate, Exhibitor_id, Stand_id) values (2, 2, '2020-08-29', '2021-03-26', 2, 2);
insert into Exhibitors_reserve_Stands (id, U_Number, startingDate, endingDate, Exhibitor_id, Stand_id) values (3, 3, '2021-01-10', '2020-05-21', 3, 3);
insert into Exhibitors_reserve_Stands (id, U_Number, startingDate, endingDate, Exhibitor_id, Stand_id) values (4, 4, '2021-04-14', '2021-10-24', 4, 4);
insert into Exhibitors_reserve_Stands (id, U_Number, startingDate, endingDate, Exhibitor_id, Stand_id) values (5, 5, '2020-08-07', '2022-04-12', 5, 5);
insert into Exhibitors_reserve_Stands (id, U_Number, startingDate, endingDate, Exhibitor_id, Stand_id) values (6, 6, '2020-11-13', '2020-09-11', 6, 6);
insert into Exhibitors_reserve_Stands (id, U_Number, startingDate, endingDate, Exhibitor_id, Stand_id) values (7, 7, '2020-10-29', '2022-04-07', 7, 7);
insert into Exhibitors_reserve_Stands (id, U_Number, startingDate, endingDate, Exhibitor_id, Stand_id) values (8, 8, '2020-09-11', '2021-04-29', 8, 8);
insert into Exhibitors_reserve_Stands (id, U_Number, startingDate, endingDate, Exhibitor_id, Stand_id) values (9, 9, '2020-05-24', '2021-11-01', 9, 9);
insert into Exhibitors_reserve_Stands (id, U_Number, startingDate, endingDate, Exhibitor_id, Stand_id) values (10, 10, '2020-08-03', '2022-02-06', 10, 10);
insert into Exhibitors_reserve_Stands (id, U_Number, startingDate, endingDate, Exhibitor_id, Stand_id) values (11, 11, '2020-07-28', '2021-03-31', 11, 11);
insert into Exhibitors_reserve_Stands (id, U_Number, startingDate, endingDate, Exhibitor_id, Stand_id) values (12, 12, '2020-10-22', '2021-09-16', 12, 12);
insert into Exhibitors_reserve_Stands (id, U_Number, startingDate, endingDate, Exhibitor_id, Stand_id) values (13, 13, '2020-07-25', '2020-10-17', 13, 13);
insert into Exhibitors_reserve_Stands (id, U_Number, startingDate, endingDate, Exhibitor_id, Stand_id) values (14, 14, '2020-07-08', '2020-07-31', 14, 14);
insert into Exhibitors_reserve_Stands (id, U_Number, startingDate, endingDate, Exhibitor_id, Stand_id) values (15, 15, '2020-05-28', '2022-03-29', 15, 15);
