-- Author : Cyprien Jaquier
-- Date 17.05.2021
-- project : Yunikon

-- Script to fill the DB

-- Events
insert into Events (id, name, startingDate, endingDate, location, description) values (1, 'Carter, Yundt and Jaskolski', '2022-08-11', '2023-02-01', 'Salinas', 'Poisn by oth nonsteroid anti-inflam drugs, self-harm, init');
insert into Events (id, name, startingDate, endingDate, location, description) values (2, 'Raynor-Schimmel', '2021-05-30', '2023-05-14', 'Trambalan', 'Wedge comprsn fx first lum vert, subs for fx w delay heal');
insert into Events (id, name, startingDate, endingDate, location, description) values (3, 'Goyette Inc', '2021-06-19', '2023-04-07', 'Saint-Leu-la-Forêt', 'Other calcerous corneal degeneration');
insert into Events (id, name, startingDate, endingDate, location, description) values (4, 'Daugherty-Bergnaum', '2021-06-06', '2022-09-07', 'Birigui', 'Congenital malformations of nose');
insert into Events (id, name, startingDate, endingDate, location, description) values (5, 'Jones, Williamson and Morissette', '2022-07-30', '2023-02-05', 'Peixing', 'Car driver injured in collision w ped/anml nontraf, init');
insert into Events (id, name, startingDate, endingDate, location, description) values (6, 'Batz-Schultz', '2022-05-05', '2023-03-13', 'Uarini', 'Displaced unsp fx left lesser toe(s), subs for fx w malunion');
insert into Events (id, name, startingDate, endingDate, location, description) values (7, 'Klocko Group', '2021-07-16', '2022-10-30', 'Veiga', 'Pyemic and septic embolism in pregnancy, third trimester');
insert into Events (id, name, startingDate, endingDate, location, description) values (8, 'Rowe-Oberbrunner', '2021-06-21', '2023-03-15', 'Muting', 'Nondisp spiral fx shaft of ulna, l arm, 7thM');
insert into Events (id, name, startingDate, endingDate, location, description) values (9, 'Romaguera-Powlowski', '2021-11-10', '2023-07-06', 'Jaguariaíva', 'Unsp fracture of second thoracic vertebra, init for clos fx');
insert into Events (id, name, startingDate, endingDate, location, description) values (10, 'McLaughlin, Gerlach and Ryan', '2021-11-24', '2023-06-04', 'Kolor', 'Pasngr in 3-whl mv inj in clsn w 2/3-whl mv nontraf, sequela');
insert into Events (id, name, startingDate, endingDate, location, description) values (11, 'Larson-Smith', '2022-05-25', '2023-03-08', 'Witzenhausen', 'Malignant neoplasm of nasal cavity');
insert into Events (id, name, startingDate, endingDate, location, description) values (12, 'Brown and Sons', '2021-11-03', '2023-02-18', 'Mloko', 'Actinic reticuloid');
insert into Events (id, name, startingDate, endingDate, location, description) values (13, 'Homenick-Runte', '2021-08-21', '2023-06-07', 'Tatebayashi', 'Unsp fx lower end of l femur, subs for clos fx w delay heal');
insert into Events (id, name, startingDate, endingDate, location, description) values (14, 'Osinski, Rau and Crooks', '2021-09-13', '2023-07-13', 'Ashley', 'Posterior synechiae (iris), bilateral');
insert into Events (id, name, startingDate, endingDate, location, description) values (15, 'Little Inc', '2022-02-12', '2023-06-28', 'Yelizovo', 'Passenger on bus injured in collision w unsp mv in traf');

-- Users
insert into Users (id, eMail, password, phoneNumber, name, lastName, exhibitor) values (1, 'efewkes0@webeden.co.uk', 'AA9MfbNk44M0', '6716536846', 'Esther', 'Fewkes', 0);
insert into Users (id, eMail, password, phoneNumber, name, lastName, exhibitor) values (2, 'amantione1@bigcartel.com', 'tEVmlNR3H', '6013144413', 'Agnola', 'Mantione', 1);
insert into Users (id, eMail, password, phoneNumber, name, lastName, exhibitor) values (3, 'kleele2@hud.gov', 'h5hRnA', '3786981316', 'Kinna', 'Leele', 1);
insert into Users (id, eMail, password, phoneNumber, name, lastName, exhibitor) values (4, 'epudge3@dion.ne.jp', 'xLURldUC4', '2778304007', 'Erskine', 'Pudge', 0);
insert into Users (id, eMail, password, phoneNumber, name, lastName, exhibitor) values (5, 'mmarjanovic4@aboutads.info', 'fDEKCu', '4092679240', 'Moore', 'Marjanovic', 1);
insert into Users (id, eMail, password, phoneNumber, name, lastName, exhibitor) values (6, 'swaadenburg5@cnet.com', 'lrjhRR', '6988898901', 'Sullivan', 'Waadenburg', 1);
insert into Users (id, eMail, password, phoneNumber, name, lastName, exhibitor) values (7, 'valldritt6@discuz.net', 'AxLfNL51YK', '7448678386', 'Vanya', 'Alldritt', 0);
insert into Users (id, eMail, password, phoneNumber, name, lastName, exhibitor) values (8, 'dsmylie7@xing.com', 'shnzqmGb', '6284037486', 'Dru', 'Smylie', 1);
insert into Users (id, eMail, password, phoneNumber, name, lastName, exhibitor) values (9, 'eschneider8@pbs.org', 'WJNNHSk', '6625473558', 'Esmeralda', 'Schneider', 0);
insert into Users (id, eMail, password, phoneNumber, name, lastName, exhibitor) values (10, 'rwhorf9@ted.com', 'uzbhhQTu', '9449183880', 'Ruthann', 'Whorf', 1);
insert into Users (id, eMail, password, phoneNumber, name, lastName, exhibitor) values (11, 'wbungeya@umn.edu', 'dvOh8jbHTUY', '1647405762', 'Witty', 'Bungey', 1);
insert into Users (id, eMail, password, phoneNumber, name, lastName, exhibitor) values (12, 'hlubbockb@qq.com', 'C02rLEGzOjxq', '1643142666', 'Heloise', 'Lubbock', 1);
insert into Users (id, eMail, password, phoneNumber, name, lastName, exhibitor) values (13, 'qamysc@macromedia.com', 'scSstd1gWw5g', '7943978742', 'Quintus', 'Amys', 0);
insert into Users (id, eMail, password, phoneNumber, name, lastName, exhibitor) values (14, 'cholsteind@nasa.gov', 'GjuDOeEJtQe', '6101586226', 'Catharina', 'Holstein', 0);
insert into Users (id, eMail, password, phoneNumber, name, lastName, exhibitor) values (15, 'ashoosmithe@nba.com', 'tWSZmf', '2082348514', 'Annabel', 'Shoosmith', 1);


-- Tickets
insert into Tickets (id, price, Event_id, Users_id) values (1, 28, 1, 1);
insert into Tickets (id, price, Event_id, Users_id) values (2, 12, 2, 2);
insert into Tickets (id, price, Event_id, Users_id) values (3, 7, 3, 3);
insert into Tickets (id, price, Event_id, Users_id) values (4, 8, 4, 4);
insert into Tickets (id, price, Event_id, Users_id) values (5, 15, 5, 5);
insert into Tickets (id, price, Event_id, Users_id) values (6, 30, 6, 6);
insert into Tickets (id, price, Event_id, Users_id) values (7, 27, 7, 7);
insert into Tickets (id, price, Event_id, Users_id) values (8, 15, 8, 8);
insert into Tickets (id, price, Event_id, Users_id) values (9, 13, 9, 9);
insert into Tickets (id, price, Event_id, Users_id) values (10, 27, 10, 10);
insert into Tickets (id, price, Event_id, Users_id) values (11, 6, 11, 11);
insert into Tickets (id, price, Event_id, Users_id) values (12, 8, 12, 12);
insert into Tickets (id, price, Event_id, Users_id) values (13, 25, 13, 13);
insert into Tickets (id, price, Event_id, Users_id) values (14, 10, 14, 14);
insert into Tickets (id, price, Event_id, Users_id) values (15, 8, 15, 15);
