-- Author : Cyprien Jaquier
-- Date 17.05.2021
-- project : Yunikon

-- Script to fill the DB

-- Events
insert into Events (id, name, startingDate, endingDate, location, description) values (1, 'Carter, Yundt and Jaskolski', '2022-08-11', '2023-02-01', 'Salinas', 'Poisn by oth nonsteroid anti-inflam drugs, self-harm, init');
insert into Events (id, name, startingDate, endingDate, location, description) values (2, 'Raynor-Schimmel', '2021-05-30', '2023-05-14', 'Trambalan', 'Wedge comprsn fx first lum vert, subs for fx w delay heal');
insert into Events (id, name, startingDate, endingDate, location, description) values (3, 'Goyette Inc', '2021-06-19', '2023-04-07', 'Saint-Leu-la-Forêt', 'Other calcerous corneal degeneration');
insert into Events (id, name, startingDate, endingDate, location, description) values (4, 'Daugherty-Bergnaum', '2021-06-06', '2022-09-07', 'Birigui', 'Congenital malformations of nose');
insert into Events (id, name, startingDate, endingDate, location, description) values (5, 'Jones, Williamson and Morissette', '2022-07-30', '2023-02-05', 'Peixing', 'Car driver injured in collision w ped/anml nontraf, init');
insert into Events (id, name, startingDate, endingDate, location, description) values (6, 'Batz-Schultz', '2022-05-05', '2023-03-13', 'Uarini', 'Displaced unsp fx left lesser toe(s), subs for fx w malunion');
insert into Events (id, name, startingDate, endingDate, location, description) values (7, 'Klocko Group', '2021-07-16', '2022-10-30', 'Veiga', 'Pyemic and septic embolism in pregnancy, third trimester');
insert into Events (id, name, startingDate, endingDate, location, description) values (8, 'Rowe-Oberbrunner', '2021-06-21', '2023-03-15', 'Muting', 'Nondisp spiral fx shaft of ulna, l arm, 7thM');
insert into Events (id, name, startingDate, endingDate, location, description) values (9, 'Romaguera-Powlowski', '2021-11-10', '2023-07-06', 'Jaguariaíva', 'Unsp fracture of second thoracic vertebra, init for clos fx');
insert into Events (id, name, startingDate, endingDate, location, description) values (10, 'McLaughlin, Gerlach and Ryan', '2021-11-24', '2023-06-04', 'Kolor', 'Pasngr in 3-whl mv inj in clsn w 2/3-whl mv nontraf, sequela');
insert into Events (id, name, startingDate, endingDate, location, description) values (11, 'Larson-Smith', '2022-05-25', '2023-03-08', 'Witzenhausen', 'Malignant neoplasm of nasal cavity');
insert into Events (id, name, startingDate, endingDate, location, description) values (12, 'Brown and Sons', '2021-11-03', '2023-02-18', 'Mloko', 'Actinic reticuloid');
insert into Events (id, name, startingDate, endingDate, location, description) values (13, 'Homenick-Runte', '2021-08-21', '2023-06-07', 'Tatebayashi', 'Unsp fx lower end of l femur, subs for clos fx w delay heal');
insert into Events (id, name, startingDate, endingDate, location, description) values (14, 'Osinski, Rau and Crooks', '2021-09-13', '2023-07-13', 'Ashley', 'Posterior synechiae (iris), bilateral');
insert into Events (id, name, startingDate, endingDate, location, description) values (15, 'Little Inc', '2022-02-12', '2023-06-28', 'Yelizovo', 'Passenger on bus injured in collision w unsp mv in traf');

-- Users
insert into Users (id, eMail, password, phoneNumber, name, lastName, exhibitor, description, company) values (1, 'efewkes0@webeden.co.uk', 'AA9MfbNk44M0', '6716536846', 'Esther', 'Fewkes', 0, 'Toxicology-peritoneum', 'Aufderhar-Marks');
insert into Users (id, eMail, password, phoneNumber, name, lastName, exhibitor, description, company) values (2, 'amantione1@bigcartel.com', 'tEVmlNR3H', '6013144413', 'Agnola', 'Mantione', 1, 'Thyroid vessel ligation', 'Anderson, Hammes and Cummings');
insert into Users (id, eMail, password, phoneNumber, name, lastName, exhibitor, description, company) values (3, 'kleele2@hud.gov', 'h5hRnA', '3786981316', 'Kinna', 'Leele', 1, 'Arterial pressure monit', 'Schuppe-Heaney');
insert into Users (id, eMail, password, phoneNumber, name, lastName, exhibitor, description, company) values (4, 'epudge3@dion.ne.jp', 'xLURldUC4', '2778304007', 'Erskine', 'Pudge', 0, 'Omt with indirect forces', 'Lynch, Muller and Kihn');
insert into Users (id, eMail, password, phoneNumber, name, lastName, exhibitor, description, company) values (5, 'mmarjanovic4@aboutads.info', 'fDEKCu', '4092679240', 'Moore', 'Marjanovic', 1, 'Destruct esophag les NEC', 'Lemke-Hayes');
insert into Users (id, eMail, password, phoneNumber, name, lastName, exhibitor, description, company) values (6, 'swaadenburg5@cnet.com', 'lrjhRR', '6988898901', 'Sullivan', 'Waadenburg', 1, 'Nasal sept grft-epistax', 'Schinner-Schmitt');
insert into Users (id, eMail, password, phoneNumber, name, lastName, exhibitor, description, company) values (7, 'valldritt6@discuz.net', 'AxLfNL51YK', '7448678386', 'Vanya', 'Alldritt', 0, 'Episiotomy', 'Denesik and Sons');
insert into Users (id, eMail, password, phoneNumber, name, lastName, exhibitor, description, company) values (8, 'dsmylie7@xing.com', 'shnzqmGb', '6284037486', 'Dru', 'Smylie', 1, 'Renal operation NEC', 'Leannon Inc');
insert into Users (id, eMail, password, phoneNumber, name, lastName, exhibitor, description, company) values (9, 'eschneider8@pbs.org', 'WJNNHSk', '6625473558', 'Esmeralda', 'Schneider', 0, 'Ureteral meatotomy', 'Schumm, Gusikowski and Goodwin');
insert into Users (id, eMail, password, phoneNumber, name, lastName, exhibitor, description, company) values (10, 'rwhorf9@ted.com', 'uzbhhQTu', '9449183880', 'Ruthann', 'Whorf', 1, 'Semin ves dx proced NEC', 'Schuster Inc');
insert into Users (id, eMail, password, phoneNumber, name, lastName, exhibitor, description, company) values (11, 'wbungeya@umn.edu', 'dvOh8jbHTUY', '1647405762', 'Witty', 'Bungey', 1, 'Biopsy of diaphragm', 'Greenholt-Block');
insert into Users (id, eMail, password, phoneNumber, name, lastName, exhibitor, description, company) values (12, 'hlubbockb@qq.com', 'C02rLEGzOjxq', '1643142666', 'Heloise', 'Lubbock', 1, 'Vag hysterectomy NEC/NOS', 'Weber, DuBuque and Botsford');
insert into Users (id, eMail, password, phoneNumber, name, lastName, exhibitor, description, company) values (13, 'qamysc@macromedia.com', 'scSstd1gWw5g', '7943978742', 'Quintus', 'Amys', 0, 'Parasitology-bili/pancr', 'Welch-Bradtke');
insert into Users (id, eMail, password, phoneNumber, name, lastName, exhibitor, description, company) values (14, 'cholsteind@nasa.gov', 'GjuDOeEJtQe', '6101586226', 'Catharina', 'Holstein', 0, 'Mammography NEC', 'Krajcik, Gulgowski and Adams');
insert into Users (id, eMail, password, phoneNumber, name, lastName, exhibitor, description, company) values (15, 'ashoosmithe@nba.com', 'tWSZmf', '2082348514', 'Annabel', 'Shoosmith', 1, 'Hand plastic op NEC', 'Medhurst, Wisozk and Leuschke');


-- Stands
insert into stands (id, U_Number, size, description, Event_id) values (1, 1, 11, 'Oral cavity dx proc NEC', 4);
insert into stands (id, U_Number, size, description, Event_id) values (2, 2, 10, 'Oth metacarp/carp incis', 10);
insert into stands (id, U_Number, size, description, Event_id) values (3, 3, 18, 'Intra-ab bowel manip NOS', 2);
insert into stands (id, U_Number, size, description, Event_id) values (4, 4, 19, 'Imp epiretinal prosth', 9);
insert into stands (id, U_Number, size, description, Event_id) values (5, 5, 14, 'Joint biopsy NEC', 4);
insert into stands (id, U_Number, size, description, Event_id) values (6, 6, 15, 'Arbovirus enceph vaccin', 10);
insert into stands (id, U_Number, size, description, Event_id) values (7, 7, 10, 'Sex transformat op NEC', 12);
insert into stands (id, U_Number, size, description, Event_id) values (8, 8, 17, 'Parathyroid scan', 7);
insert into stands (id, U_Number, size, description, Event_id) values (9, 9, 21, 'Penile biopsy', 9);
insert into stands (id, U_Number, size, description, Event_id) values (10, 10, 15, 'Cardiac mapping', 9);
insert into stands (id, U_Number, size, description, Event_id) values (11, 11, 21, 'Remov other genit device', 10);
insert into stands (id, U_Number, size, description, Event_id) values (12, 12, 11, 'Excis cul-de-sac lesion', 3);
insert into stands (id, U_Number, size, description, Event_id) values (13, 13, 10, 'Repair vess w tis patch', 3);
insert into stands (id, U_Number, size, description, Event_id) values (14, 14, 9, 'Pack ext auditory canal', 11);
insert into stands (id, U_Number, size, description, Event_id) values (15, 15, 22, 'Remov abdomen device NEC', 3);
insert into stands (id, U_Number, size, description, Event_id) values (16, 16, 15, 'Excision of wrist NEC', 9);
insert into stands (id, U_Number, size, description, Event_id) values (17, 17, 21, 'Contr mammary ductogram', 15);
insert into stands (id, U_Number, size, description, Event_id) values (18, 18, 17, 'Triad knee repair', 9);
insert into stands (id, U_Number, size, description, Event_id) values (19, 19, 16, 'Open uterine biopsy', 6);
insert into stands (id, U_Number, size, description, Event_id) values (20, 20, 14, 'Thoracic spine x-ray NEC', 11);
insert into stands (id, U_Number, size, description, Event_id) values (21, 21, 19, 'Other destru pancrea les', 14);
insert into stands (id, U_Number, size, description, Event_id) values (22, 22, 15, 'Reopen laminectomy site', 5);
insert into stands (id, U_Number, size, description, Event_id) values (23, 23, 18, 'Cardiotomy', 12);
insert into stands (id, U_Number, size, description, Event_id) values (24, 24, 19, 'Retrograde pyelogram', 1);
insert into stands (id, U_Number, size, description, Event_id) values (25, 25, 18, 'Conjunctivoplasty NEC', 3);
insert into stands (id, U_Number, size, description, Event_id) values (26, 26, 17, 'Remove ureteral ligature', 6);
insert into stands (id, U_Number, size, description, Event_id) values (27, 27, 21, 'Lap unilat oophorectomy', 3);
insert into stands (id, U_Number, size, description, Event_id) values (28, 28, 14, 'Thoraco robotic ast proc', 3);
insert into stands (id, U_Number, size, description, Event_id) values (29, 29, 17, 'Tot brch extrac w forcep', 2);
insert into stands (id, U_Number, size, description, Event_id) values (30, 30, 16, 'Cl fx reduc-metatar/tar', 14);



-- Tickets
insert into Tickets (id, U_Number, startingDate, endingDate, price, description, Event_id, Users_id) values (1, 1, '2021-03-25', '2020-07-27', 28, 'Phlycten keratoconjunct', 1, 1);
insert into Tickets (id, U_Number, startingDate, endingDate, price, description, Event_id, Users_id) values (2, 2, '2020-08-13', '2020-12-19', 12, 'Central scotoma', 2, 2);
insert into Tickets (id, U_Number, startingDate, endingDate, price, description, Event_id, Users_id) values (3, 3, '2020-09-12', '2021-08-10', 7, 'Fam hx-psychiatric cond', 3, 3);
insert into Tickets (id, U_Number, startingDate, endingDate, price, description, Event_id, Users_id) values (4, 4, '2020-12-07', '2020-11-14', 8, 'Psychogenic pain NEC', 4, 4);
insert into Tickets (id, U_Number, startingDate, endingDate, price, description, Event_id, Users_id) values (5, 5, '2020-11-04', '2020-12-21', 15, 'Ca in situ GI NEC/NOS', 5, 5);
insert into Tickets (id, U_Number, startingDate, endingDate, price, description, Event_id, Users_id) values (6, 6, '2021-01-14', '2021-09-01', 30, 'Opn wnd larynx w trachea', 6, 6);
insert into Tickets (id, U_Number, startingDate, endingDate, price, description, Event_id, Users_id) values (7, 7, '2021-04-19', '2021-05-01', 27, 'Pelvic organ inj NOS-cl', 7, 7);
insert into Tickets (id, U_Number, startingDate, endingDate, price, description, Event_id, Users_id) values (8, 8, '2021-04-02', '2020-06-13', 15, 'Accid in resident instit', 8, 8);
insert into Tickets (id, U_Number, startingDate, endingDate, price, description, Event_id, Users_id) values (9, 9, '2020-07-20', '2021-09-15', 13, 'Early complic trauma NEC', 9, 9);
insert into Tickets (id, U_Number, startingDate, endingDate, price, description, Event_id, Users_id) values (10, 10, '2021-01-25', '2022-04-25', 27, 'Drug induce headache NEC', 10, 10);
insert into Tickets (id, U_Number, startingDate, endingDate, price, description, Event_id, Users_id) values (11, 11, '2020-07-01', '2020-07-09', 6, 'Opn wound auditory canal', 11, 11);
insert into Tickets (id, U_Number, startingDate, endingDate, price, description, Event_id, Users_id) values (12, 12, '2020-11-04', '2021-10-12', 8, 'Adv eff cardiovasc NEC', 12, 12);
insert into Tickets (id, U_Number, startingDate, endingDate, price, description, Event_id, Users_id) values (13, 13, '2020-11-26', '2020-08-25', 25, 'Anoxic brain damage', 13, 13);
insert into Tickets (id, U_Number, startingDate, endingDate, price, description, Event_id, Users_id) values (14, 14, '2020-06-20', '2022-01-11', 10, 'Ob surg compl NEC-unspec', 14, 14);
insert into Tickets (id, U_Number, startingDate, endingDate, price, description, Event_id, Users_id) values (15, 15, '2020-11-19', '2020-10-06', 8, 'Abdmnal pain rt lwr quad', 15, 15);

-- Exhibitors_reserve_Stands
insert into Exhibitors_reserve_Stands (id, U_Number, startingDate, endingDate, Users_id, Stand_id) values (1, 1, '2021-04-28', '2022-05-09', 1, 1);
insert into Exhibitors_reserve_Stands (id, U_Number, startingDate, endingDate, Users_id, Stand_id) values (2, 2, '2020-08-29', '2021-03-26', 2, 2);
insert into Exhibitors_reserve_Stands (id, U_Number, startingDate, endingDate, Users_id, Stand_id) values (3, 3, '2021-01-10', '2020-05-21', 3, 3);
insert into Exhibitors_reserve_Stands (id, U_Number, startingDate, endingDate, Users_id, Stand_id) values (4, 4, '2021-04-14', '2021-10-24', 4, 4);
insert into Exhibitors_reserve_Stands (id, U_Number, startingDate, endingDate, Users_id, Stand_id) values (5, 5, '2020-08-07', '2022-04-12', 5, 5);
insert into Exhibitors_reserve_Stands (id, U_Number, startingDate, endingDate, Users_id, Stand_id) values (6, 6, '2020-11-13', '2020-09-11', 6, 6);
insert into Exhibitors_reserve_Stands (id, U_Number, startingDate, endingDate, Users_id, Stand_id) values (7, 7, '2020-10-29', '2022-04-07', 7, 7);
insert into Exhibitors_reserve_Stands (id, U_Number, startingDate, endingDate, Users_id, Stand_id) values (8, 8, '2020-09-11', '2021-04-29', 8, 8);
insert into Exhibitors_reserve_Stands (id, U_Number, startingDate, endingDate, Users_id, Stand_id) values (9, 9, '2020-05-24', '2021-11-01', 9, 9);
insert into Exhibitors_reserve_Stands (id, U_Number, startingDate, endingDate, Users_id, Stand_id) values (10, 10, '2020-08-03', '2022-02-06', 10, 10);
insert into Exhibitors_reserve_Stands (id, U_Number, startingDate, endingDate, Users_id, Stand_id) values (11, 11, '2020-07-28', '2021-03-31', 11, 11);
insert into Exhibitors_reserve_Stands (id, U_Number, startingDate, endingDate, Users_id, Stand_id) values (12, 12, '2020-10-22', '2021-09-16', 12, 12);
insert into Exhibitors_reserve_Stands (id, U_Number, startingDate, endingDate, Users_id, Stand_id) values (13, 13, '2020-07-25', '2020-10-17', 13, 13);
insert into Exhibitors_reserve_Stands (id, U_Number, startingDate, endingDate, Users_id, Stand_id) values (14, 14, '2020-07-08', '2020-07-31', 14, 14);
insert into Exhibitors_reserve_Stands (id, U_Number, startingDate, endingDate, Users_id, Stand_id) values (15, 15, '2020-05-28', '2022-03-29', 15, 15);
